{"cameraMode":{"drawMode":0,"name":"Shaded","section":"Shading Mode"},"sceneLighting":false,"audioPlay":false,"sceneViewState":{"showFog":true,"showMaterialUpdate":false,"showSkybox":false,"showFlares":true,"showImageEffects":true,"showParticleSystems":true},"in2DMode":false,"pivot":{"x":4.124639511108398,"y":3.8788459300994875,"z":2.4991719722747804},"rotation":{"x":-0.038923002779483798,"y":0.9609664678573608,"z":-0.20211966335773469,"w":-0.18500801920890809},"size":4.638020038604736,"orthographic":false}