{"cameraMode":{"drawMode":0,"name":"Shaded","section":"Shading Mode"},"sceneLighting":true,"audioPlay":false,"sceneViewState":{"showFog":true,"showMaterialUpdate":false,"showSkybox":true,"showFlares":true,"showImageEffects":true,"showParticleSystems":true},"in2DMode":false,"pivot":{"x":1.4484615325927735,"y":0.7876560688018799,"z":1.1265519857406617},"rotation":{"x":-0.10647152364253998,"y":0.8412160277366638,"z":-0.17957133054733277,"w":-0.498775839805603},"size":3.7380192279815676,"orthographic":false}